title,description,url,folder,tags,created,cover,highlights
"Love ASCII Art - Valentines, Flowers, Hearts, Hugs, & Romantic ASCII Pictures",,http://loveascii.com,BOOKMRKS-MTHRFCKR / PROGAMMING-MTHRFCKR / ASCII,"Text, Tools","December 2, 2022 10:57 PM (UTC)",http://loveascii.com/images/fbshare.jpg,
GitHub - CherryPill/ASCII-art-creator: ASCII art generator for images,,https://github.com/CherryPill/ASCII-art-creator,BOOKMRKS-MTHRFCKR / PROGAMMING-MTHRFCKR / ASCII,"Text, Tools","December 2, 2022 10:57 PM (UTC)",https://opengraph.githubassets.com/9c402a1598599741834404fad70b4b5e6a7f6ebca2f62c0a3da233e247afb0cb/CherryPill/ASCII-art-creator,
ASCII-Generator - Convert image or text to the ASCII Art 🎨,,https://ascii-generator.site,BOOKMRKS-MTHRFCKR / PROGAMMING-MTHRFCKR / ASCII,"Text, Tools","December 2, 2022 10:57 PM (UTC)",,
ASCII ART,,https://ascii.co.uk/art,BOOKMRKS-MTHRFCKR / PROGAMMING-MTHRFCKR / ASCII,"Text, Tools","December 2, 2022 10:57 PM (UTC)",,
16colo.rs - ANSI/ASCII art archive,,https://16colo.rs,BOOKMRKS-MTHRFCKR / PROGAMMING-MTHRFCKR / ASCII,"Text, Tools","December 2, 2022 10:57 PM (UTC)",https://16colo.rs/static/16c-og.png,
Text Fancy,"Free online fancy text generators, converters and more. Interactive emoji and other character picker and ascii art and gallery.",https://textfancy.com,BOOKMRKS-MTHRFCKR / PROGAMMING-MTHRFCKR / ASCII,"ASCII, Tools","January 18, 2022 4:38 AM (UTC)",https://textfancy.com/img/og.jpg,
ASCII Tree Generator,Online interactive folder structure generator. Easily create and visualise your development tree for your new projects and your documentations.,https://ascii-tree-generator.com,BOOKMRKS-MTHRFCKR / PROGAMMING-MTHRFCKR / ASCII,"ASCII, Tools","November 19, 2021 8:35 PM (UTC)",,
AsciiDocLIVE,"Full-featured online AsciiDoc editor. Instant live preview, sync with Dropbox & Google Drive, and more!",https://asciidoclive.com/edit/scratch/2,BOOKMRKS-MTHRFCKR / PROGAMMING-MTHRFCKR / ASCII,"ASCII, Tools","December 22, 2021 2:44 PM (UTC)",,
Convert Word to AsciiDoc for free on Alldocs,The free text converter for all your documents.,https://alldocs.app/convert-word-docx-to-asciidoc,BOOKMRKS-MTHRFCKR / PROGAMMING-MTHRFCKR / ASCII,"ASCII, Tools","December 22, 2021 2:51 PM (UTC)",https://alldocs.app/assets/images/opengraph.png,
Text to ASCII Code Converter - Chars to ASCII Numbers - Online - Browserling Web Developer Tools,"Useful, free online tool that converts plain text to ASCII codes. No ads, nonsense, or garbage, just an ASCII converter. Press a button – get the result.",https://www.browserling.com/tools/text-to-ascii,BOOKMRKS-MTHRFCKR / PROGAMMING-MTHRFCKR / ASCII,"ASCII, Tools","December 22, 2021 3:16 PM (UTC)",https://www.browserling.com/images/browserling-cross-browser-testing-fb-og-image.png,
Text to ASCII Art Generator (TAAG),,https://patorjk.com/software/taag#p=display&f=Graffiti&t=Type%20Something%20,BOOKMRKS-MTHRFCKR / PROGAMMING-MTHRFCKR / ASCII,"ASCII, Tools","December 22, 2021 3:16 PM (UTC)",,
Text To ASCII Converter - Replit,Converts normal text characters into their own ASCII-Table memory value,https://replit.com/@Exunys/Text-To-ASCII-Converter,BOOKMRKS-MTHRFCKR / PROGAMMING-MTHRFCKR / ASCII,"ASCII, Tools","February 24, 2022 1:17 PM (UTC)",https://replit.com/public/images/replit-logo-800x600.png,
Convert Text To Ascii Format Recipes,,https://www.tfrecipes.com/convert-text-to-ascii-format,BOOKMRKS-MTHRFCKR / PROGAMMING-MTHRFCKR / ASCII,"ASCII, Tools","February 24, 2022 1:17 PM (UTC)",,
Convert Text to ASCII Online | Ttoools,Simply convert text to ASCII codes by entering any text into the input section and click Convert To ASCII to get the result.,https://toolsaday.com/text-tools/text-to-ascii,BOOKMRKS-MTHRFCKR / PROGAMMING-MTHRFCKR / ASCII,"ASCII, Tools","February 24, 2022 1:17 PM (UTC)",https://toolsaday.com/text-tools/assets/images/og-toolsaday.png,
yEd Graph Editor,"yEd is a free desktop application to quickly create, import, edit, and automatically arrange diagrams. It runs on Windows, macOS, and Unix/Linux.",https://www.yworks.com/products/yed,BOOKMRKS-MTHRFCKR / PROGAMMING-MTHRFCKR / Data Visualization,"Data Visualization, Tools","February 24, 2022 1:17 PM (UTC)",https://www.yworks.com/resources/social-media/tc-yed.png,
neo4j.com,"Connect data as it's stored with Neo4j. Perform powerful, complex queries at scale and speed with our graph data platform.",https://neo4j.com,BOOKMRKS-MTHRFCKR / PROGAMMING-MTHRFCKR / Data Visualization,"Data Visualization, Tools","February 24, 2022 1:17 PM (UTC)",https://dist.neo4j.com/wp-content/uploads/20210423062553/neo4j-social-share-21.png,
Vizualize.me,"Securely order, send, receive, and engage with official credentials such as transcripts, diplomas or certificates. K12, Higher Education, State Agencies and others.",https://vizualize.me,BOOKMRKS-MTHRFCKR / PROGAMMING-MTHRFCKR / Data Visualization,"Data Visualization, Tools","February 24, 2022 1:17 PM (UTC)",,
Visual.ly,"Create engaging infographics, videos, and ebooks for your marketing campaigns. We make premium content creation fast, simple, and affordable.",https://visual.ly,BOOKMRKS-MTHRFCKR / PROGAMMING-MTHRFCKR / Data Visualization,"Data Visualization, Tools","February 24, 2022 1:17 PM (UTC)",,
Visual Capitalist (@VisualCap),"The latest Tweets from Visual Capitalist (@VisualCap). Data-driven visual content focused on global trends, investing, technology, and the economy. Order: https://t.co/56TYYSFOiO. Vancouver, BC",https://twitter.com/visualcap,BOOKMRKS-MTHRFCKR / PROGAMMING-MTHRFCKR / Data Visualization,"Data Visualization, Tools","February 24, 2022 1:17 PM (UTC)",https://pbs.twimg.com/profile_images/1243299028822970369/_VWrF963_normal.jpg,
Visallo: Investigative Data Analysis Tool | Data-Driven Software,"Learn how Visallo can empower your investigations. Visallo is a leading investigative link analysis tool used by analysts, researchers and investigators in the fields of law enforcement, cyber, fraud, insider threat preventing, journalism and more.",https://www.visallo.com,BOOKMRKS-MTHRFCKR / PROGAMMING-MTHRFCKR / Data Visualization,"Data Visualization, Tools","February 24, 2022 1:17 PM (UTC)",https://www.visallo.com/img/thumbnails/visallo-screenshot.jpg,
VIS Desktop,"Over the course of an investigation, it is sometimes helpful to sketch out a network of involved parties so that you can understand who is linked to what.",https://docs.alephdata.org/guide/vis-desktop,BOOKMRKS-MTHRFCKR / PROGAMMING-MTHRFCKR / Data Visualization,"Data Visualization, Tools","February 24, 2022 1:17 PM (UTC)",https://app.gitbook.com/share/space/thumbnail/-LnIWKL31dbPXLEZNv4I/page/-LnRaFCVtn5A4KruHPhd.png?color=%23982022&logo=https%3A%2F%2F2578324550-files.gitbook.io%2F~%2Ffiles%2Fv0%2Fb%2Fgitbook-legacy-files%2Fo%2Fspaces%252F-LnIWKL31dbPXLEZNv4I%252Favatar.png%3Fgeneration%3D1566917956412699%26alt%3Dmedia&theme=none,
TouchGraph.com,,https://www.touchgraph.com/seo,BOOKMRKS-MTHRFCKR / PROGAMMING-MTHRFCKR / Data Visualization,"Data Visualization, Tools","February 24, 2022 1:17 PM (UTC)",,
The Linking Open Data cloud diagram,The Linked Open Data Cloud Diagram,https://lod-cloud.net,BOOKMRKS-MTHRFCKR / PROGAMMING-MTHRFCKR / Data Visualization,"Data Visualization, Tools","February 24, 2022 1:17 PM (UTC)",,
Spatial.ly,,https://spatial.ly,BOOKMRKS-MTHRFCKR / PROGAMMING-MTHRFCKR / Data Visualization,"Data Visualization, Tools","February 24, 2022 1:17 PM (UTC)",,
Sentinel Visualiser,"Link Analysis, Data Visualization, Geospatial Mapping, and Social Network Analysis (SNA) with Sentinel Visualizer",https://www.fmsasg.com,BOOKMRKS-MTHRFCKR / PROGAMMING-MTHRFCKR / Data Visualization,"Data Visualization, Tools","February 24, 2022 1:17 PM (UTC)",,
ScribbleMaps,"Easily Create, Analyze, and Share Maps. Share with friends, embed maps on websites, and create images or pdf.",https://www.scribblemaps.com,BOOKMRKS-MTHRFCKR / PROGAMMING-MTHRFCKR / Data Visualization,"Data Visualization, Tools","February 24, 2022 1:17 PM (UTC)",,
RAWGraphs 2.0: a web app for data visualization,"Help us improve RAWGraphs, a free and open-source software to visualize data.",https://www.indiegogo.com/projects/rawgraphs-2-0-a-web-app-for-data-visualization#/,BOOKMRKS-MTHRFCKR / PROGAMMING-MTHRFCKR / Data Visualization,"Data Visualization, Tools","February 24, 2022 1:17 PM (UTC)",https://i.ytimg.com/vi/1X_asbYuAVA/maxresdefault.jpg,
Processing,A port of the Processing visualization language to JavaScript. - GitHub - processing-js/processing-js: A port of the Processing visualization language to JavaScript.,https://processingjs.org,BOOKMRKS-MTHRFCKR / PROGAMMING-MTHRFCKR / Data Visualization,"Data Visualization, Tools","February 24, 2022 1:17 PM (UTC)",https://opengraph.githubassets.com/c1ce76561658f4ca8ddb8a49bf2cc8f087514911984bdc8d444b0f7786898f24/processing-js/processing-js,
ORA-LITE: Software,,https://www.casos.cs.cmu.edu/projects/ora/software.php,BOOKMRKS-MTHRFCKR / PROGAMMING-MTHRFCKR / Data Visualization,"Data Visualization, Tools","February 24, 2022 1:17 PM (UTC)",,
MindMup 2.0 Preview,A quick preview of the new features coming up in MindMup 2.0.,https://www.youtube.com/watch?v=--v7ZfTHNJ8,BOOKMRKS-MTHRFCKR / PROGAMMING-MTHRFCKR / Data Visualization,"Data Visualization, Tools","February 24, 2022 1:17 PM (UTC)",https://i.ytimg.com/vi/--v7ZfTHNJ8/sddefault.jpg,
Map the Power with Oligrapher,,https://littlesis.org/oligrapher,BOOKMRKS-MTHRFCKR / PROGAMMING-MTHRFCKR / Data Visualization,"Data Visualization, Tools","February 24, 2022 1:17 PM (UTC)",,
Linkurio.us,"With Linkurious, discover the Next Generation FinCrime Investigation Solution to swiftly and precisely expose even the most complex Financial Crime schemes and networks.",https://linkurio.us,BOOKMRKS-MTHRFCKR / PROGAMMING-MTHRFCKR / Data Visualization,"Data Visualization, Tools","February 24, 2022 1:17 PM (UTC)",https://linkurious.com/assets/uploads/2022/03/Website-Banners_1200x627.png,
Leaflet,"Leaflet is a modern, lightweight open-source JavaScript library for mobile-friendly interactive maps.",https://leafletjs.com,BOOKMRKS-MTHRFCKR / PROGAMMING-MTHRFCKR / Data Visualization,"Data Visualization, Tools","February 24, 2022 1:17 PM (UTC)",https://leafletjs.com/docs/images/logo.png,
Graphika.com,"Graphika is the social media analytics firm trusted by Fortune 500 companies, human rights organizations, and universities to map and navigate complex social landscapes.   Graphika helps partners around the world to discover how communities form online and map the flow of influence and information within large-scale social networks.   Organizations rely on Graphika to educate about the global disinformation landscape, protect against coordinated and inauthentic online activity, monitor new digital threats and understand how to effectively reach online audiences through marketing channels.  The company was founded in 2013 by Dr. John Kelly, a pioneer in this field and source of expert testimony on foreign interference in the U.S. presidential election before the Senate Select Committee on Intelligence.",https://graphika.com,BOOKMRKS-MTHRFCKR / PROGAMMING-MTHRFCKR / Data Visualization,"Data Visualization, Tools","February 24, 2022 1:17 PM (UTC)",https://www.graphika.com/images/socialshare.png,
Google spreadsheet charts,Use Google Sheets to create and edit online spreadsheets. Get insights together with secure sharing in real-time and from any device.,https://www.google.com/google-d-s/spreadsheets,BOOKMRKS-MTHRFCKR / PROGAMMING-MTHRFCKR / Data Visualization,"Data Visualization, Tools","February 24, 2022 1:17 PM (UTC)",https://kstatic.googleusercontent.com/files/adf55cdf4c7f8fb38efbf8df6c2792660fbeff2d05be05f2ec8e9c265a179b51c64b9679d8aee00e09cad19ce419d90a2d999b82cea4200abbe78c73e6bfaacf,
GeoCommons,,https://geocommons.com,BOOKMRKS-MTHRFCKR / PROGAMMING-MTHRFCKR / Data Visualization,"Data Visualization, Tools","February 24, 2022 1:17 PM (UTC)",,
Flowchart Maker & Online Diagram Software,"diagrams.net is free online diagram software for making flowcharts, process diagrams, org charts, UML, ER and network diagrams",https://app.diagrams.net,BOOKMRKS-MTHRFCKR / PROGAMMING-MTHRFCKR / Data Visualization,"Data Visualization, Tools","February 24, 2022 1:17 PM (UTC)",,
Diagram.Codes text2diagramm,Generate diagrams as fast as you type.,https://www.diagram.codes/d/tree,BOOKMRKS-MTHRFCKR / PROGAMMING-MTHRFCKR / Data Visualization,"Data Visualization, Tools","February 24, 2022 1:17 PM (UTC)",https://diagram.codes/promo-large-twitter-2.png,
De.batchgeo.com,"Erstellen Sie eine Karte aus einer Liste mehrerer Standorte, verwenden Sie Adressen, Postleitzahlen oder Koordinaten. Kostenloses Hosting für Ihre eigenen interaktiven Karten.",https://de.batchgeo.com,BOOKMRKS-MTHRFCKR / PROGAMMING-MTHRFCKR / Data Visualization,"Data Visualization, Tools","February 24, 2022 1:17 PM (UTC)",,
DataVis - data visualization,,https://osintcombine.tools,BOOKMRKS-MTHRFCKR / PROGAMMING-MTHRFCKR / Data Visualization,"Data Visualization, Tools","February 24, 2022 1:17 PM (UTC)",,
Data Visualization Tool,,https://www.osintcombine.com/data-visualization-tool,BOOKMRKS-MTHRFCKR / PROGAMMING-MTHRFCKR / Data Visualization,"Data Visualization, Tools","February 24, 2022 1:17 PM (UTC)","https://static.wixstatic.com/media/c17c29_62adc37144ad477294ad95af5fa4048f%7Emv2.png/v1/fit/w_2500,h_1330,al_c/c17c29_62adc37144ad477294ad95af5fa4048f%7Emv2.png",
Danger Zone,,https://hackernoon.com/osint-tool-for-visualizing-relationships-between-domains-ips-and-email-addresses-94377aa1f20a,BOOKMRKS-MTHRFCKR / PROGAMMING-MTHRFCKR / Data Visualization,"Data Visualization, Tools","February 24, 2022 1:17 PM (UTC)",https://cdn.hackernoon.com/fallback-feat.png,
CodePlex Archive,"Explore Microsoft products and services for your home or business. Shop Surface, Microsoft 365, Xbox, Windows, Azure, and more. Find downloads and get support.",https://archive.codeplex.com/?p=nodexl,BOOKMRKS-MTHRFCKR / PROGAMMING-MTHRFCKR / Data Visualization,"Data Visualization, Tools","February 24, 2022 1:17 PM (UTC)",,
422 South OSIT,,https://422.com,BOOKMRKS-MTHRFCKR / PROGAMMING-MTHRFCKR / Data Visualization,"Data Visualization, Tools","February 24, 2022 1:17 PM (UTC)",,
Tour - Topincs,We create tailored online databases and applications in our modern and powerful 4GL-System.,https://www.topincs.com/tour,BOOKMRKS-MTHRFCKR / PROGAMMING-MTHRFCKR / Database,database,"November 30, 2021 6:09 PM (UTC)",,
Free Remote MySQL,,https://www.remotemysql.com,BOOKMRKS-MTHRFCKR / PROGAMMING-MTHRFCKR / Database,database,"August 15, 2022 10:01 PM (UTC)",,
Navicat Data Modeler | Supreme Database Modeling and Design Tool,Navicat Data Modeler allows users to create a conceptual model from an existing database and edit the structure of the database easily.,https://www.navicat.com/en/products/navicat-data-modeler,BOOKMRKS-MTHRFCKR / PROGAMMING-MTHRFCKR / Database,database,"December 19, 2021 3:25 AM (UTC)",,
osquery,"Easily ask questions about your Linux, Windows, and macOS infrastructure",https://osquery.io,BOOKMRKS-MTHRFCKR / PROGAMMING-MTHRFCKR / Database,database,"October 28, 2022 1:38 AM (UTC)",,
Franchise: a sql notebook,A SQL Notebook,https://franchise.cloud,BOOKMRKS-MTHRFCKR / PROGAMMING-MTHRFCKR / Database,database,"October 28, 2022 1:57 AM (UTC)",,
DataStation Desktop CE,,https://app.datastation.multiprocess.io/?expanded=%2COXYdUIvHGncJ%2CszFGdZLI8QaD&fullScreen=&page=0&panelOut=%7B%7D&panelOutExpanded=&projectId=Example+project&sidebar=true&view=editor,BOOKMRKS-MTHRFCKR / PROGAMMING-MTHRFCKR / Database,database,"October 28, 2022 1:59 AM (UTC)",,
Online Tool to Extract Links from any Web Page | HackerTarget.com,Use this online tool to extract links from any web page or html. Simply enter web site and receive a table of links that are extracted from the target page.,https://hackertarget.com/extract-links,BOOKMRKS-MTHRFCKR / PROGAMMING-MTHRFCKR / HTML,"html, tools","February 28, 2022 2:50 AM (UTC)",,
HTML Link Extractor To Scrape URL From Web Page Web Tools,Fromdev Tools Website,https://tools.fromdev.com/html-link-extractor.html,BOOKMRKS-MTHRFCKR / PROGAMMING-MTHRFCKR / HTML,"html, tools","February 28, 2022 2:51 AM (UTC)",,
Extract hyperlinks in from an URL or an HTML source code,This tool can extract hypertext links from an HTML page source.,https://online-free-tools.com/en/extract_url_from_web_page_source,BOOKMRKS-MTHRFCKR / PROGAMMING-MTHRFCKR / HTML,"html, tools","February 28, 2022 2:54 AM (UTC)",,
Extract Links from HTML - Free Tool from Buzzstream,,http://tools.buzzstream.com/link-building-extract-urls,BOOKMRKS-MTHRFCKR / PROGAMMING-MTHRFCKR / HTML,"html, tools","February 28, 2022 2:54 AM (UTC)",,
Extract URLs,URL extractor for web pages and text,https://www.convertcsv.com/url-extractor.htm,BOOKMRKS-MTHRFCKR / PROGAMMING-MTHRFCKR / HTML,"html, tools","February 28, 2022 3:01 AM (UTC)",,
HTML minifier,,https://kangax.github.io/html-minifier,BOOKMRKS-MTHRFCKR / PROGAMMING-MTHRFCKR / HTML,"html, tools","March 12, 2022 9:58 PM (UTC)",,
Convert CSV to Bookmarks HTML,"Raindrop.io only support Netscape HTML import files. This tool let you convert CSV files to required format.

Just upload import file here and after a moment you will get a bookmarks html file.",https://csv-to-bookmarks.glitch.me,BOOKMRKS-MTHRFCKR / PROGAMMING-MTHRFCKR / HTML,"html, tools","March 25, 2022 7:53 PM (UTC)",,
DocToolHub,DocToolHub is a curated directory of 600+ tools and resources for technical documentation. All in one place.,https://doctoolhub.com,BOOKMRKS-MTHRFCKR / PROGAMMING-MTHRFCKR / HTML,"html, tools","September 25, 2022 5:05 AM (UTC)",https://doctoolhub.com/wp-content/themes/chipmunk-theme/static/dist/images/chipmunk-og.png,
Building a Vertical Timeline With CSS and a Touch of JavaScript,"Let’s learn how to build a responsive vertical timeline from scratch. First, we’ll create the basic structure, then, we’ll use some JavaScript to add some transitional effects to our timeline.",https://webdesign.tutsplus.com/tutorials/building-a-vertical-timeline-with-css-and-a-touch-of-javascript--cms-26528,BOOKMRKS-MTHRFCKR / PROGAMMING-MTHRFCKR / HTML & CSS,"HTML, CSS","January 29, 2022 10:35 PM (UTC)",https://cms-assets.tutsplus.com/uploads/users/30/posts/26528/preview_image/timeline-pre.png,
Vertical Timeline in CSS and JavaScript,"Today's resource is an easy to customize, responsive timeline. We used some CSS3 tricks and a bit of JavaScript to create some bounce animations that affect desktop users only, while on mobile the structure is more minimal.",https://codyhouse.co/gem/vertical-timeline,BOOKMRKS-MTHRFCKR / PROGAMMING-MTHRFCKR / HTML & CSS,"HTML, CSS","January 29, 2022 10:36 PM (UTC)",https://codyhouse.co/assets/img/gems/hero-sharing/vertical-timeline-featured.png,
A react component to display event in a vertical timeline format,A react component to display event in a vertical timeline format. This is based on the timeline found in AdminLte.,https://reactjsexample.com/a-react-component-to-display-event-in-a-vertical-timeline-format,BOOKMRKS-MTHRFCKR / PROGAMMING-MTHRFCKR / HTML & CSS,"HTML, CSS","January 29, 2022 10:49 PM (UTC)",https://reactjsexample.com/content/images/2018/04/react-time-line.png,
CSS Grid Generator,,https://cssgrid-generator.netlify.app,BOOKMRKS-MTHRFCKR / PROGAMMING-MTHRFCKR / HTML & CSS,"HTML, CSS","March 12, 2022 5:35 AM (UTC)",https://s3-us-west-2.amazonaws.com/s.cdpn.io/28963/og-cssgrid.jpg,
CSSO – CSS optimizer,,https://css.github.io/csso/csso.html,BOOKMRKS-MTHRFCKR / PROGAMMING-MTHRFCKR / HTML & CSS,"HTML, CSS","March 12, 2022 5:35 AM (UTC)",,
FAST,The adaptive interface system for modern web experiences.,https://www.fast.design,BOOKMRKS-MTHRFCKR / PROGAMMING-MTHRFCKR / HTML & CSS,"HTML, CSS","March 12, 2022 8:08 PM (UTC)",https://static.fast.design/assets/fast-logo.png,
JSFiddle - Code Playground,"Test your JavaScript, CSS, HTML or CoffeeScript online with JSFiddle code editor.",https://jsfiddle.net,BOOKMRKS-MTHRFCKR / PROGAMMING-MTHRFCKR / HTML & CSS,"HTML, CSS","March 12, 2022 9:45 PM (UTC)",,
Magic of CSS — Adam Schwartz,Magic of CSS — Adam Schwartz,https://adamschwartz.co/magic-of-css,BOOKMRKS-MTHRFCKR / PROGAMMING-MTHRFCKR / HTML & CSS,"HTML, CSS","March 15, 2022 6:06 PM (UTC)",,
Clippy — CSS clip-path maker,Clippy — CSS clip-path maker,https://bennettfeely.com/clippy,BOOKMRKS-MTHRFCKR / PROGAMMING-MTHRFCKR / HTML & CSS,"HTML, CSS","March 15, 2022 6:27 PM (UTC)",,
Portal Home - Cywir,,https://cywir.tv,BOOKMRKS-MTHRFCKR / PROGAMMING-MTHRFCKR / HTML & CSS,"HTML, CSS","March 15, 2022 6:29 PM (UTC)",,
"pingo, image optimizer for web",,https://css-ig.net/pingo,BOOKMRKS-MTHRFCKR / PROGAMMING-MTHRFCKR / HTML & CSS,"HTML, CSS","March 15, 2022 6:29 PM (UTC)",,
"HTML, CSS, and JavaScript Tutorials, References, and Articles | HTML Dog","HTML, CSS, and JavaScript Tutorials, References, and Articles | HTML Dog",https://www.htmldog.com,BOOKMRKS-MTHRFCKR / PROGAMMING-MTHRFCKR / HTML & CSS,"HTML, CSS","March 17, 2022 10:13 PM (UTC)",,
HTML Notepad – HTML WYSIWYG editor for the rest of us,HTML Notepad,https://html-notepad.com,BOOKMRKS-MTHRFCKR / PROGAMMING-MTHRFCKR / HTML & CSS,"HTML, CSS","March 17, 2022 10:16 PM (UTC)",,
HTML5 Sortable library,HTML5 Sortable library,https://lukasoppermann.github.io/html5sortable/index.html,BOOKMRKS-MTHRFCKR / PROGAMMING-MTHRFCKR / HTML & CSS,"HTML, CSS","March 17, 2022 10:39 PM (UTC)",,
Learn to Code HTML & CSS,Learn to Code HTML & CSS,https://learn.shayhowe.com/html-css,BOOKMRKS-MTHRFCKR / PROGAMMING-MTHRFCKR / HTML & CSS,"HTML, CSS","March 17, 2022 10:40 PM (UTC)",,
Amino: Live CSS Editor,Customize any website in seconds with CSS. Amino is a compact and powerful browser extension that allows you to customize any website with CSS that persists. Use the editor to create your own website themes and skins.,https://aminoeditor.com,BOOKMRKS-MTHRFCKR / PROGAMMING-MTHRFCKR / HTML & CSS,"HTML, CSS","March 18, 2022 12:35 AM (UTC)",,
Web Editing Software for Better Development and UX - Froala,Froala builds web editing software for fast development with better developer and user experience. Our HTML Editor is the building block for beautiful content.,https://froala.com,BOOKMRKS-MTHRFCKR / PROGAMMING-MTHRFCKR / HTML & CSS,"HTML, CSS","March 18, 2022 12:37 AM (UTC)",https://froala.com/wp-content/uploads/2022/08/MultiFeatureDemo3.gif,
Layoutit Grid — CSS Grids layouts made easy!,"Quickly design web layouts, and get HTML and CSS code. Learn CSS Grid visually and build web layouts with our interactive CSS Grid Generator.",https://grid.layoutit.com,BOOKMRKS-MTHRFCKR / PROGAMMING-MTHRFCKR / HTML & CSS,"HTML, CSS","March 18, 2022 12:46 AM (UTC)",https://raw.githubusercontent.com/Leniolabs/layoutit-grid/main/assets/layoutit-grid-showcase-v2.gif,
Web developer tools,Web developer tools,https://mothereff.in,BOOKMRKS-MTHRFCKR / PROGAMMING-MTHRFCKR / HTML & CSS,"HTML, CSS","March 18, 2022 12:52 AM (UTC)",,
"Can I use... Support tables for HTML5, CSS3, etc","""Can I use"" provides up-to-date browser support tables for support of front-end web technologies on desktop and mobile web browsers.",https://caniuse.com,BOOKMRKS-MTHRFCKR / PROGAMMING-MTHRFCKR / HTML & CSS,"HTML, CSS","March 11, 2022 2:24 PM (UTC)",,
HTML5 UP,Responsive HTML5 and CSS3 site templates designed by @ajlkn and released under the Creative Commons license.,https://html5up.net,BOOKMRKS-MTHRFCKR / PROGAMMING-MTHRFCKR / HTML & CSS,"HTML, CSS","March 24, 2022 11:58 AM (UTC)",https://html5up.net/assets/icons/card.jpg,
Web Editing Software for Better Development and UX - Froala,Froala's WYSIWYG Editor is a beautiful JavaScript web editor that's easy to integrate for developers and your users will fall in love with its clean design.,https://froala.com/wysiwyg-editor,BOOKMRKS-MTHRFCKR / PROGAMMING-MTHRFCKR / HTML & CSS,"HTML, CSS","March 18, 2022 12:37 AM (UTC)",https://froala.com/wp-content/uploads/2022/08/MultiFeatureDemo3.gif,
Terminal CSS,A modern and minimal CSS framework for terminal lovers.,https://terminalcss.xyz,BOOKMRKS-MTHRFCKR / PROGAMMING-MTHRFCKR / HTML & CSS,"dev, HTML, CSS","October 27, 2022 3:46 AM (UTC)",,
CSSBattle,CSS Code Golfing game is here!,https://cssbattle.dev,BOOKMRKS-MTHRFCKR / PROGAMMING-MTHRFCKR / HTML & CSS,"dev, HTML, CSS","October 27, 2022 3:53 AM (UTC)",https://cssbattle.dev/images/banner.png,
CSS Transform,CSS3 2D / 3D Transform Functions Visualizer and Playground,https://css-transform.moro.es,BOOKMRKS-MTHRFCKR / PROGAMMING-MTHRFCKR / HTML & CSS,"dev, HTML, CSS","October 27, 2022 3:58 AM (UTC)",https://cdn.jsdelivr.net/gh/alterebro/css-transform/media/css-transform.jpg,
zerodivs.com,Create CSS,https://zerodivs.com/#/,BOOKMRKS-MTHRFCKR / PROGAMMING-MTHRFCKR / HTML & CSS,"HTML, CSS","October 27, 2022 4:25 AM (UTC)",,
Style Stage,A modern CSS showcase styled by community contributions. Maintained by Stephanie Eckles (@5t3ph) of ModernCSS.dev.,https://stylestage.dev,BOOKMRKS-MTHRFCKR / PROGAMMING-MTHRFCKR / HTML & CSS,"dev, HTML, CSS","October 27, 2022 4:29 AM (UTC)",https://stylestage.dev/social-img/home/Style%20Stage/,
CSS Zen Garden: The Beauty of CSS Design,A demonstration of what can be accomplished visually through CSS-based design.,http://www.csszengarden.com,BOOKMRKS-MTHRFCKR / PROGAMMING-MTHRFCKR / HTML & CSS,"dev, HTML, CSS","October 27, 2022 4:48 AM (UTC)",,
Code Snippets | CSS-Tricks,"A collection of code snippets for web developers, including code for HTML, CSS, JavaScript, PHP, WordPress, jQuery, HTAccess, and more!",https://css-tricks.com/snippets,BOOKMRKS-MTHRFCKR / PROGAMMING-MTHRFCKR / HTML & CSS,"dev, HTML, CSS","November 3, 2022 6:56 PM (UTC)",https://css-tricks.com/wp-json/social-image-generator/v1/image/3211,
JSCompress - The JavaScript Compression Tool,JSCompress is an online JavaScript compressor that allows you to compress and minify all of your JS files by up to 80% of their original size.,https://jscompress.com,BOOKMRKS-MTHRFCKR / PROGAMMING-MTHRFCKR / Java,"java, tools","March 12, 2022 9:45 PM (UTC)",,
Important JavaScript Loops You Need to Know | Edureka,There are different methods for executing JavaScript loops. Read here to understand the different looping methods in JavaScript with examples.,https://www.google.com/amp/s/www.edureka.co/blog/javascript-loops/amp,BOOKMRKS-MTHRFCKR / PROGAMMING-MTHRFCKR / Java,"java, tools","September 11, 2022 8:21 PM (UTC)",http://d1jnx9ba8s6j9r.cloudfront.net/blog/wp-content/uploads/2019/08/javascript-loops-2.jpg,
CodeSnippet.Run - JavaScript code snippet runner for Web,Run multiple JavaScript code snippets independently on a single page.,https://www.codesnippet.run/?ref=producthunt,BOOKMRKS-MTHRFCKR / PROGAMMING-MTHRFCKR / Javascript,javascript,"March 31, 2022 11:41 AM (UTC)",https://raw.githubusercontent.com/dutiyesh/codesnippet.run/main/public/preview.jpg,
JSONPlaceholder - Free Fake REST API,JSONPlaceholder - Free Fake REST API,https://jsonplaceholder.typicode.com,BOOKMRKS-MTHRFCKR / PROGAMMING-MTHRFCKR / JSON,JSON,"March 12, 2022 9:45 PM (UTC)",,
Smart JSON Editor,"Smart JSON Editor -  json editor for OSX macOS, rest connection to api, jQuery helper, Http Server, JSON Path,  json editor and more, Smart Objects, Quick Look, Value Transformers, API Requests",http://www.smartjsoneditor.com,BOOKMRKS-MTHRFCKR / PROGAMMING-MTHRFCKR / JSON,JSON,"December 19, 2021 3:43 AM (UTC)",,
JSON Storage & JSON Hosting Service - JSONBin.io,"JSONBin.io is a free JSON Storage & a JSON Hosting service which is ideal for Web and Mobile apps, and also for JSON Mocking.",https://jsonbin.io,BOOKMRKS-MTHRFCKR / PROGAMMING-MTHRFCKR / JSON,JSON,"October 28, 2022 1:57 AM (UTC)",,
Online JSON Viewer,JSON Viewer - Convert JSON Strings to a Friendly Readable Format,https://jsonviewer.stack.hu,BOOKMRKS-MTHRFCKR / PROGAMMING-MTHRFCKR / JSON,"json, tools","February 24, 2022 1:17 PM (UTC)",,
JSON to CSV Converter | Online Tool,"Convert JSON to CSV online (formerly json-csv.com).  Upload JSON file, url or text.  View in Excel or Open Office.",https://data.page/json/csv,BOOKMRKS-MTHRFCKR / PROGAMMING-MTHRFCKR / JSON,"json, tools","February 24, 2022 1:17 PM (UTC)",,
JSON Formatter,Format and validate JSON data so that it can easily be read by human beings.,https://jsonformatter.curiousconcept.com,BOOKMRKS-MTHRFCKR / PROGAMMING-MTHRFCKR / JSON,"json, tools","February 24, 2022 1:17 PM (UTC)",https://jsonformatter.curiousconcept.com/icons/jf/mstile-144x144.b0ef4bd01d6cb25ab71ae707ed7ac226.png,
CSVJSON - CSVJSON,"Online Conversion Tools for Developers. CSV, JSON, SQL and JavaScript. Sponsored by Flatfile.",https://csvjson.com,BOOKMRKS-MTHRFCKR / PROGAMMING-MTHRFCKR / JSON,"json, tools","August 29, 2022 3:59 AM (UTC)",,
JSON Visio - Directly onto graphs,"Simple visualization tool for your JSON data. No forced structure, paste your JSON and view it instantly.",https://jsonvisio.com,BOOKMRKS-MTHRFCKR / PROGAMMING-MTHRFCKR / JSON,"json, tools","August 29, 2022 4:28 AM (UTC)",https://jsoncrack.com/assets/jsoncrack.png,
Project Open Data Dashboard,,https://dashboard.data.gov/merge,BOOKMRKS-MTHRFCKR / PROGAMMING-MTHRFCKR / JSON,"json, tools","August 29, 2022 7:48 PM (UTC)",,
SlothTools - Utility Pipeline for Text & JSON,Utilizing SlothTools you can quickly modify and alternate text and JSON inputs to get the desired results. If you're feeling lazy you can even use a prebuilt template.,https://sloth.sellersew.com,BOOKMRKS-MTHRFCKR / PROGAMMING-MTHRFCKR / JSON,"json, tools","September 5, 2022 8:49 AM (UTC)",https://sloth.sellersew.com/thumbnail/editor.png,
Paste to Markdown,,https://euangoddard.github.io/clipboard2markdown/,BOOKMRKS-MTHRFCKR / PROGAMMING-MTHRFCKR / Markdown,markdown,"January 22, 2023 6:08 AM (UTC)",https://up.raindrop.io/raindrop/thumbs/505/804/180/img.jpeg,
Markdown Service Tools - BrettTerpstra.com,The Markdown Service Tools are a collection of OS X Services designed to make writing Markdown text that much easier. Services (also known as Quick Actions) work in any Cocoa-based application (,https://brettterpstra.com/projects/markdown-service-tools/,BOOKMRKS-MTHRFCKR / PROGAMMING-MTHRFCKR / Markdown,markdown,"December 1, 2022 3:53 PM (UTC)",https://cdn3.brettterpstra.com/uploads/2013/03/markdownservicetools-wide_tw.jpg,
GitHub Preview,,https://aviaryan.github.io/javascripts/github.md/,BOOKMRKS-MTHRFCKR / PROGAMMING-MTHRFCKR / Markdown,markdown,"November 15, 2022 11:04 PM (UTC)",,
Timeline in Markdown,"I’ve adapted the CodeMyUI’s pure CSS timeline for creating timelines in Jekyll-based blog posts (kramdown, essentially). The new CSS allows the user to creat...",https://cawal.github.io/markdown/2017/10/13/timeline_in_markdown.html,BOOKMRKS-MTHRFCKR / PROGAMMING-MTHRFCKR / Markdown,markdown,"January 18, 2022 4:49 PM (UTC)",,
Creating Timelines in Markdown,"On day 5 of my 30 days of world-building, I share my hack for creating timelines in pure markdown, HTML and CSS.",https://chrisrosser.net/posts/2020/06/05/wwb-5-creating-timelines-in-markdown,BOOKMRKS-MTHRFCKR / PROGAMMING-MTHRFCKR / Markdown,markdown,"January 18, 2022 4:50 PM (UTC)",,
Tools | Markdown Guide,Applications and components that support Markdown.,https://www.markdownguide.org/tools,BOOKMRKS-MTHRFCKR / PROGAMMING-MTHRFCKR / Markdown,markdown,"January 9, 2022 6:43 AM (UTC)",https://www.markdownguide.org/assets/images/markdown-guide-og.jpg,
dyrobooks,,https://dyrobooks.com/blog/2018/02/10/a-markdown-cheatsheet,BOOKMRKS-MTHRFCKR / PROGAMMING-MTHRFCKR / Markdown,markdown,"January 17, 2022 7:49 PM (UTC)",,
dyrobooks,,https://dyrobooks.com/blog/2018/04/03/using-markdown,BOOKMRKS-MTHRFCKR / PROGAMMING-MTHRFCKR / Markdown,markdown,"January 17, 2022 7:48 PM (UTC)",,
tree.nathanfriend.io,An online tree-like utility for generating ASCII folder structure diagrams. Written in TypeScript and React.,https://tree.nathanfriend.io/?s=%28%27options%21%28%27fancy0%7EfullPath0%7EtrailingSlash%21false%7ErootDot0%29%7E2%28%272%27_Father-_Musician-*_Automation._3**_Content+Explorer._%27%29%7Eversion%21%271%27%29*++-._+30%21true2source%213%5Cn*%01320-*,BOOKMRKS-MTHRFCKR / PROGAMMING-MTHRFCKR / Markdown,markdown,"January 17, 2022 12:30 AM (UTC)",https://tree.nathanfriend.io/tree-logo.png,
Tree.md,Visual Tree Writing,https://tree.md,BOOKMRKS-MTHRFCKR / PROGAMMING-MTHRFCKR / Markdown,markdown,"January 17, 2022 12:28 AM (UTC)",https://tree.md/images/ogp-v1.png,
Yehez-Markdown-Editor,Personalized live markdown editor.,https://markdown.yehezgun.com/?ref=producthunt,BOOKMRKS-MTHRFCKR / PROGAMMING-MTHRFCKR / Markdown,markdown,"January 15, 2022 12:07 AM (UTC)",https://yehez-og-image.yehezgun.com/**markdown**.yehezgun.com.png?theme=dark&md=1&fontSize=100px&images=https%3A%2F%2Fres.cloudinary.com%2Fyehez%2Fimage%2Fupload%2Fv1634043457%2Fyehez-avatar_u3q505.png&widths=250&heights=250,
Markdown Live,Online markdown editor with live preview.,https://markdown-live.netlify.app/?ref=producthunt,BOOKMRKS-MTHRFCKR / PROGAMMING-MTHRFCKR / Markdown,markdown,"January 15, 2022 12:05 AM (UTC)",,
Deepdwn by billiam,Markdown editor and organizer,https://billiam.itch.io/deepdwn?ref=producthunt,BOOKMRKS-MTHRFCKR / PROGAMMING-MTHRFCKR / Markdown,markdown,"January 15, 2022 12:01 AM (UTC)",https://img.itch.zone/aW1nLzUxNDgyMzYucG5n/original/1RjNRN.png,
Markdown cheatsheet,"The one-page guide to Markdown: usage, examples, links, snippets, and more.",https://devhints.io/markdown,BOOKMRKS-MTHRFCKR / PROGAMMING-MTHRFCKR / Markdown,markdown,"January 14, 2022 2:24 PM (UTC)",https://assets.devhints.io/previews/markdown.jpg?t=20221101033049,
udacity-fsnd/markdown-guide.md at main · br3ndonland/udacity-fsnd,Udacity Full Stack Web Developer Nanodegree program (FSND) course materials - udacity-fsnd/markdown-guide.md at main · br3ndonland/udacity-fsnd,https://github.com/br3ndonland/udacity-fsnd/blob/main/info/markdown-guide.md,BOOKMRKS-MTHRFCKR / PROGAMMING-MTHRFCKR / Markdown,markdown,"January 13, 2022 1:31 AM (UTC)",https://opengraph.githubassets.com/2ec3f95dfce6c2eefb60e035a34d31e5b8a612875743894faa57f2aaa4f52393/br3ndonland/udacity-fsnd,
Markdown - Blot,"Turns a folder into a blog automatically. Use your favorite text-editor to write. Text and Markdown files, Word Documents, images, bookmarks and HTML in your folder become blog posts.",https://blot.im/how/format/markdown,BOOKMRKS-MTHRFCKR / PROGAMMING-MTHRFCKR / Markdown,markdown,"January 18, 2022 9:51 PM (UTC)",,
HackMD - Collaborative Markdown Knowledge Base,Best way to write and share your knowledge in markdown.,https://hackmd.io,BOOKMRKS-MTHRFCKR / PROGAMMING-MTHRFCKR / Markdown,markdown,"January 18, 2022 4:38 AM (UTC)",https://hackmd.io/images/media/HackMD-og.jpg,
GitHub - ozum/concat-md: CLI and API to concatenate markdown files and modify as necessary.,CLI and API to concatenate markdown files and modify as necessary. - GitHub - ozum/concat-md: CLI and API to concatenate markdown files and modify as necessary.,https://github.com/ozum/concat-md,BOOKMRKS-MTHRFCKR / PROGAMMING-MTHRFCKR / Markdown,markdown,"January 29, 2022 10:50 PM (UTC)",https://opengraph.githubassets.com/01ebff5d518e3dcbeeb2c4de9dd264693961c669f4ed13c853bbec50697447af/ozum/concat-md,
The Ultimate Guide to Writing & Publishing with Markdown,"Learn every Markdown trick, tip and app that you could ever possibly need. Writing with Markdown is one of the most powerful tools for online writers.",https://ghost.org/changelog/markdown,BOOKMRKS-MTHRFCKR / PROGAMMING-MTHRFCKR / Markdown,markdown,"January 29, 2022 11:04 PM (UTC)",https://ghost.org/changelog/content/images/2015/03/markdown-guide-1.jpg,
"""Markdown - Blot",,https://blot.im/how/posts/markdown,BOOKMRKS-MTHRFCKR / PROGAMMING-MTHRFCKR / Markdown,markdown,"January 18, 2022 9:51 PM (UTC)",,
Slidev,Presentation slides for developers,https://sli.dev,BOOKMRKS-MTHRFCKR / PROGAMMING-MTHRFCKR / Markdown,markdown,"August 15, 2022 5:11 AM (UTC)",https://sli.dev/og-image.png,
table-magic,,https://stevecat.net/table-magic,BOOKMRKS-MTHRFCKR / PROGAMMING-MTHRFCKR / Markdown,markdown,"August 15, 2022 10:16 PM (UTC)",,
wrighter • wrighting,Minimal yet powerful writing app,https://wrighter.vercel.app/wrighting?id=rvv113Je44fSEYCMT0tvz,BOOKMRKS-MTHRFCKR / PROGAMMING-MTHRFCKR / Markdown,markdown,"September 5, 2022 8:42 AM (UTC)",https://wrighter.vercel.app/ogimage.png,
scaffdog - Markdown driven scaffolding tool.,Markdown driven scaffolding tool. scaffdog speeds up the first steps of your creative activity.,https://scaff.dog,BOOKMRKS-MTHRFCKR / PROGAMMING-MTHRFCKR / Markdown,markdown,"October 28, 2022 2:38 AM (UTC)",https://scaff.dog/ogp.png,
Convert HTML to Markdown,,https://wangchujiang.com/markdown-to-html,BOOKMRKS-MTHRFCKR / PROGAMMING-MTHRFCKR / Markdown,markdown,"October 28, 2022 3:14 AM (UTC)",,
HedgeDoc - The best platform to write and share markdown.,The best platform to write and share markdown.,https://hedgedoc.org,BOOKMRKS-MTHRFCKR / PROGAMMING-MTHRFCKR / Markdown,markdown,"October 28, 2022 3:25 AM (UTC)",https://hedgedoc.org/icons/apple-touch-icon.png,
Markvis - make visualization in markdown,make visualization in markdown,https://markvis.js.org/#/,BOOKMRKS-MTHRFCKR / PROGAMMING-MTHRFCKR / Markdown,markdown,"October 28, 2022 3:29 AM (UTC)",,
Markdown | Front Matter,Get to know more about how you can use Front Matter with our documentation.,https://frontmatter.codes/docs/markdown,BOOKMRKS-MTHRFCKR / PROGAMMING-MTHRFCKR / Markdown,markdown,"October 30, 2022 6:48 PM (UTC)",https://frontmatter.codes//assets/frontmatter-social.png,
Edit the Yaml Front Matter of multiple Markdown files,Edit the Yaml Front Matter of multiple Markdown files - Roneo.org,https://roneo.org/en/hugo-edit-yaml-files-from-the-cli-with-yq,BOOKMRKS-MTHRFCKR / PROGAMMING-MTHRFCKR / Markdown,markdown,"October 30, 2022 6:49 PM (UTC)",https://roneo.org/img/logo.png,
"Online Markdown Editor - Dillinger, the Last Markdown Editor ever.","Dillinger is an online cloud based HTML5 filled
  Markdown Editor. Sync with Dropbox, Github, Google Drive or OneDrive.
  Convert HTML to Markdown. 100% Open Source!",https://dillinger.io,BOOKMRKS-MTHRFCKR / PROGAMMING-MTHRFCKR / Markdown / Markdown Tools,"markdown, tools","December 27, 2021 6:36 PM (UTC)",,
HTML to Markdown Converter,Convert HTML to Markdown online quickly and efficiently on any platform.,https://products.aspose.app/html/conversion/html-to-md,BOOKMRKS-MTHRFCKR / PROGAMMING-MTHRFCKR / Markdown / Markdown Tools,"markdown, tools","January 19, 2022 12:19 AM (UTC)",https://cms.admin.containerize.com/templates/aspose/App_Themes/V3/images/aspose-logo.png,
Convert HTML to MD online for free - AnyConv,⭐ AnyConv is a five-star HTML to MD converter ⭐ ️Change html to md format in batch ✅ No software installation required ✅ Free and secure online tool.,https://anyconv.com/html-to-md-converter,BOOKMRKS-MTHRFCKR / PROGAMMING-MTHRFCKR / Markdown / Markdown Tools,"markdown, tools","January 19, 2022 12:28 AM (UTC)",https://anyconv.com/media/anyconv.png,
PDF to Markdown,Converts PDF files to Markdown.,https://pdf2md.morethan.io,BOOKMRKS-MTHRFCKR / PROGAMMING-MTHRFCKR / Markdown / Markdown Tools,"markdown, tools","January 19, 2022 2:43 PM (UTC)",,
RedditToMarkdown,,https://farnots.github.io/RedditToMarkdown,BOOKMRKS-MTHRFCKR / PROGAMMING-MTHRFCKR / Markdown / Markdown Tools,"markdown, tools","February 27, 2022 6:04 PM (UTC)",,
"How Do I Make ""Super Awesome Vertical Timeline"" use a JSON data source?","I've found a really nice looking vertical timeline based upon the jQuery Isotope masonry plugin here:
https://github.com/wnyc/Timeline

This seems to use a Google Spreadsheet as a data source.

Can",https://stackoverflow.com/questions/17956279/how-do-i-make-super-awesome-vertical-timeline-use-a-json-data-source,BOOKMRKS-MTHRFCKR / PROGAMMING-MTHRFCKR / Misc,programming misc,"January 20, 2022 9:57 PM (UTC)",https://cdn.sstatic.net/Sites/stackoverflow/Img/apple-touch-icon.png?v=c78bd457575a,
GitHub - Albejr/jquery-albe-timeline: JQUERY plugin for rendering timelines from the JSON data.,JQUERY plugin for rendering timelines from the JSON data. - GitHub - Albejr/jquery-albe-timeline: JQUERY plugin for rendering timelines from the JSON data.,https://github.com/Albejr/jquery-albe-timeline,BOOKMRKS-MTHRFCKR / PROGAMMING-MTHRFCKR / Misc,programming misc,"January 20, 2022 9:59 PM (UTC)",https://opengraph.githubassets.com/88684bb7c2c13def3307273660b99a335e956aa9a8db77c999d2012dcc388f37/Albejr/jquery-albe-timeline,
"Timeline - A responsive, jQuery-based timeline generator",,https://ryanfitzgerald.github.io/vertical-timeline,BOOKMRKS-MTHRFCKR / PROGAMMING-MTHRFCKR / Misc,programming misc,"January 20, 2022 10:01 PM (UTC)",,
Timeline documentation,,https://almende.github.io/chap-links-library/js/timeline/doc,BOOKMRKS-MTHRFCKR / PROGAMMING-MTHRFCKR / Misc,programming misc,"January 20, 2022 10:16 PM (UTC)",,
Vertical timeline and json,"I have to create a ""vertical"" timeline made by photo posts, blog posts, gallery and other kinds of entries with the ""load more"" button at the bottom (to not refresh entire page). Press ""load more"" and see a new (old) month (February 2014, January 2014, December 2013 ans so on). Probably I'll use ...",https://processwire.com/talk/topic/5523-vertical-timeline-and-json,BOOKMRKS-MTHRFCKR / PROGAMMING-MTHRFCKR / Misc,programming misc,"January 20, 2022 10:24 PM (UTC)",,
Building a Simple timeline React component,How to create a timeline from JSON file resource,https://andresjpulido.medium.com/building-a-simple-timeline-react-component-5a782501fbb5,BOOKMRKS-MTHRFCKR / PROGAMMING-MTHRFCKR / Misc,programming misc,"January 20, 2022 10:26 PM (UTC)",https://miro.medium.com/max/784/1*sjXBIMyY4h95fKxNs4Hafw.png,
GitHub - andresjpulido/tutorial-timeline: React component built with React,React component built with React. Contribute to andresjpulido/tutorial-timeline development by creating an account on GitHub.,https://github.com/andresjpulido/tutorial-timeline,BOOKMRKS-MTHRFCKR / PROGAMMING-MTHRFCKR / Misc,programming misc,"January 20, 2022 10:29 PM (UTC)",https://opengraph.githubassets.com/cc2c618776c502a5b6ef9a85944c117d6bcf2e9a8fc77f9153663f8da41a5843/andresjpulido/tutorial-timeline,
"timeline - vis.js - A dynamic, browser based visualization library.",,https://visjs.github.io/vis-timeline/docs/timeline,BOOKMRKS-MTHRFCKR / PROGAMMING-MTHRFCKR / Misc,programming misc,"January 20, 2022 10:31 PM (UTC)",,
Add a Timeline to Your Vue.js App,"Spread the love Related Posts Add a Timeline Chart to a Vue AppWe can add a timeline chart to a Vue app with the vue-cute-timeline package. vue-cute-timeline… Add a Timeline to a Vue AppWe can add a timeline to a Vue app with premade components. In this article,… Add an Avatar in a Vue AppWe […]",https://thewebdev.info/2020/12/21/add-a-timeline-to-your-vuejs-app,BOOKMRKS-MTHRFCKR / PROGAMMING-MTHRFCKR / Misc,programming misc,"January 20, 2022 10:39 PM (UTC)",https://thewebdev.info/wp-content/uploads/2020/09/o3qw2wzpcyc-scaled.jpg,
Timeline Vue,Minimalist Timeline with VueJS,https://codesandbox.io/s/n094ypklvl,BOOKMRKS-MTHRFCKR / PROGAMMING-MTHRFCKR / Misc,programming misc,"January 20, 2022 10:41 PM (UTC)",https://codesandbox.io/api/v1/sandboxes/n094ypklvl/screenshot.png,
Get list of all files in Google Photos,"My ultimate goal is to get a list with all the files (photos, videos) in my Google Photos account preferably with their path.
If I have to use some API I would rather use a .NET based one. Can you",https://stackoverflow.com/questions/36871477/get-list-of-all-files-in-google-photos,BOOKMRKS-MTHRFCKR / PROGAMMING-MTHRFCKR / Misc,programming misc,"January 23, 2022 3:05 AM (UTC)",https://cdn.sstatic.net/Sites/stackoverflow/Img/apple-touch-icon.png?v=c78bd457575a,
gphotos-sync,Google Photos and Albums backup tool,https://pypi.org/project/gphotos-sync,BOOKMRKS-MTHRFCKR / PROGAMMING-MTHRFCKR / Misc,programming misc,"January 23, 2022 3:06 AM (UTC)",https://pypi.org/static/images/twitter.6fecba6f.jpg,
pkg.go.dev,"Go is an open source programming language that makes it easy to build simple, reliable, and efficient software.",https://pkg.go.dev,BOOKMRKS-MTHRFCKR / PROGAMMING-MTHRFCKR / Misc,programming misc,"March 12, 2022 8:56 PM (UTC)",,
The Go Play Space,"Alternative Go (Golang) Playground with syntax highlighting, turtle graphics and more",https://goplay.space,BOOKMRKS-MTHRFCKR / PROGAMMING-MTHRFCKR / Misc,programming misc,"March 12, 2022 8:57 PM (UTC)",,
JS Bin,Sample of the bin:,https://jsbin.com/?html%2Coutput=,BOOKMRKS-MTHRFCKR / PROGAMMING-MTHRFCKR / Misc,programming misc,"March 12, 2022 9:26 PM (UTC)",https://static.jsbin.com/images/logo.png,
Just For Fun,Showcasing creating coding projects,https://justforfun.io,BOOKMRKS-MTHRFCKR / PROGAMMING-MTHRFCKR / Misc,programming misc,"March 12, 2022 9:47 PM (UTC)",,
Carbon,Carbon is the easiest way to create and share beautiful images of your source code.,https://carbon.now.sh,BOOKMRKS-MTHRFCKR / PROGAMMING-MTHRFCKR / Misc,programming misc,"March 11, 2022 2:24 PM (UTC)",https://carbon.now.sh/static/brand/banner.png,
Compare 594 Static Analysis Tools For All Programming Languages,"Overview of the best linters, formatters, quality checkers for JS, Go, Rust, C, Ruby, Python, PHP and more. Compare 594 tools to improve code quality for you and your team in 2021.",https://analysis-tools.dev,BOOKMRKS-MTHRFCKR / PROGAMMING-MTHRFCKR / Misc,programming misc,"December 17, 2021 3:13 AM (UTC)",,
Kore - An easy to use web platform for C and Python,An easy to use web platform for C and Python,https://kore.io,BOOKMRKS-MTHRFCKR / PROGAMMING-MTHRFCKR / Misc,programming misc,"March 17, 2022 10:35 PM (UTC)",,
What are the trending open source and SaaS tools that developers use in 2022?,Learn about trending open source and SaaS tools that developers use in 2022. Check out popular alternatives.,https://stackshare.io/tools/trending,BOOKMRKS-MTHRFCKR / PROGAMMING-MTHRFCKR / Misc,programming misc,"March 17, 2022 11:19 PM (UTC)",https://img.stackshare.io/introducing-stackshare.png,
Teknik,privacy based wordpress,https://www.teknik.io,BOOKMRKS-MTHRFCKR / PROGAMMING-MTHRFCKR / Misc,programming misc,"March 18, 2022 12:15 AM (UTC)",,
Nuitka the Python Compiler,With the Python compiler Nuitka you create protected binaries out of your Python source code.,https://nuitka.net,BOOKMRKS-MTHRFCKR / PROGAMMING-MTHRFCKR / Python,python,"January 18, 2022 4:38 AM (UTC)",,
Extracting Song Data From the Spotify API Using Python,"Taking advantage of the data Spotify keeps on its library, and using this for our machine learning projects",https://link.medium.com/ik6jrRug4lb,BOOKMRKS-MTHRFCKR / PROGAMMING-MTHRFCKR / Python,python,"December 17, 2021 6:28 PM (UTC)",https://miro.medium.com/max/1200/0*B260_-rdgu3tjKxK,
Extracting Song Data From the Spotify API Using Python,"Taking advantage of the data Spotify keeps on its library, and using this for our machine learning projects",https://rsci.app.link/ik6jrRug4lb?_p=c71029c19f1c6df4fc1c87,BOOKMRKS-MTHRFCKR / PROGAMMING-MTHRFCKR / Python,python,"December 17, 2021 6:28 PM (UTC)",https://miro.medium.com/max/1200/0*B260_-rdgu3tjKxK,
regex101,"Regular expression tester with syntax highlighting, explanation, cheat sheet for PHP/PCRE, Python, GO, JavaScript, Java, C#/.NET.",https://regex101.com,BOOKMRKS-MTHRFCKR / PROGAMMING-MTHRFCKR / Regex,regex,"August 7, 2022 6:02 AM (UTC)",https://regex101.com/static/assets/card.png,
"regex101: build, test, and debug regex","Regular expression tester with syntax highlighting, explanation, cheat sheet for PHP/PCRE, Python, GO, JavaScript, Java, C#/.NET.",https://regex101.com/?ref=nosignuptools,BOOKMRKS-MTHRFCKR / PROGAMMING-MTHRFCKR / Regex,"regex, regular expression","December 12, 2022 10:15 PM (UTC)",https://regex101.com/static/assets/card.png,
Rubular,Ruby-based regular expression editor/tester,https://rubular.com,BOOKMRKS-MTHRFCKR / PROGAMMING-MTHRFCKR / Regex,regex,"January 18, 2022 4:38 AM (UTC)",https://rubular.com/assets/rubular_og-4948f7355b502d134c18e9fade5bc2e39c3a343ae818f2f5bdf922d8dc9bd919.png,
"RegexBuddy: Learn, Create, Understand, Test, Use and Save Regular Expression","RegexBuddy is your perfect companion for working with regular expressions.  Learning, creating, understanding, testing, using and saving regular expressions has never been easier.",https://www.regexbuddy.com,BOOKMRKS-MTHRFCKR / PROGAMMING-MTHRFCKR / Regex,regex,"November 30, 2021 6:04 PM (UTC)",,
RegEx Library,,https://uibakery.io/regex-library,BOOKMRKS-MTHRFCKR / PROGAMMING-MTHRFCKR / Regex,regex,"February 13, 2022 1:51 AM (UTC)",,
"Debuggex: Online visual regex tester. JavaScript, Python, and PCRE.","Test your regex by visualizing it with a live editor. JavaScript, Python, and PCRE.",https://www.debuggex.com,BOOKMRKS-MTHRFCKR / PROGAMMING-MTHRFCKR / Regex,regex,"March 12, 2022 7:28 PM (UTC)",,
Regulex：JavaScript Regular Expression Visualizer,,https://jex.im/regulex#!flags=&re=%5E(a%7Cb)*%3F%24,BOOKMRKS-MTHRFCKR / PROGAMMING-MTHRFCKR / Regex,regex,"March 12, 2022 9:44 PM (UTC)",,
Welcome | magic-regexp,"A compiled-away, type-safe, readable RegExp alternative",https://regexp.dev,BOOKMRKS-MTHRFCKR / PROGAMMING-MTHRFCKR / Regex,regex,"August 14, 2022 3:52 AM (UTC)",https://regexp.dev/cover.png,
Regex for Markdown Syntax,Preface,https://chubakbidpaa.com/interesting/2021/09/28/regex-for-md.html,BOOKMRKS-MTHRFCKR / PROGAMMING-MTHRFCKR / Regex,regex,"November 6, 2022 5:07 AM (UTC)",,
Regex Safe,,https://regexsafe.vercel.app,BOOKMRKS-MTHRFCKR / PROGAMMING-MTHRFCKR / Regex,regex,"November 6, 2022 5:29 AM (UTC)",,
Regular Expressions for Regular Folk,"REFRF is a visual, example-based introduction to regular expressions in the form of an experimental e-book",https://refrf.dev,BOOKMRKS-MTHRFCKR / PROGAMMING-MTHRFCKR / Regex,regex,"November 6, 2022 5:30 AM (UTC)",,
Automatic Generation of Text Extraction Patterns from Examples,,http://regex.inginf.units.it,BOOKMRKS-MTHRFCKR / PROGAMMING-MTHRFCKR / Regex,regex,"November 6, 2022 5:33 AM (UTC)",,
Markdown Parser | Enqueue Zero,Enqueue Zero is publishing code principles.,https://enqueuezero.com/markdown-parser.html,BOOKMRKS-MTHRFCKR / PROGAMMING-MTHRFCKR / Regex,regex,"November 6, 2022 7:04 AM (UTC)",,
Code Snip - Free Snippets Manager,Code Snip - Your free online snippet manager! Manage your Code Snippets and have more organization and productivity,https://codesnip.net/,BOOKMRKS-MTHRFCKR / PROGAMMING-MTHRFCKR / Snippets,snippets,"December 11, 2022 7:26 AM (UTC)",https://codesnip.net/Code-Snip-dashboard.jpg,
Snippets.style - Code Snippets Made Easy!,Snippets.style is a tool used to visualize code snippets in a way that makes them more accessible and delightful to read.,https://snippets.style/,BOOKMRKS-MTHRFCKR / PROGAMMING-MTHRFCKR / Snippets,"snippets, screenshot","December 11, 2022 7:15 AM (UTC)",https://snippets.style/og-image.jpg,
Lepton - A Lean Snippet Manager powered by GitHub Gist,,https://hackjutsu.com/Lepton,BOOKMRKS-MTHRFCKR / PROGAMMING-MTHRFCKR / Snippets,snippets,"August 15, 2022 11:07 AM (UTC)",,
Console log output right next to your code,Console Ninja VS Code extension allows you to see console.log output and runtime errors right next to your code.,https://console-ninja.com/,BOOKMRKS-MTHRFCKR / PROGAMMING-MTHRFCKR / Terminal,console log,"December 11, 2022 6:52 AM (UTC)",https://console-ninja.com/images/social-poster.png?v=3,
exa · a modern replacement for ls,,https://the.exa.website,BOOKMRKS-MTHRFCKR / PROGAMMING-MTHRFCKR / Terminal,terminal,"January 12, 2022 1:54 AM (UTC)",,
"asciinema - Record and share your terminal sessions, the right way",,https://asciinema.org,BOOKMRKS-MTHRFCKR / PROGAMMING-MTHRFCKR / Terminal,terminal,"January 18, 2022 4:38 AM (UTC)",,
Bitburner,,https://danielyxie.github.io/bitburner,BOOKMRKS-MTHRFCKR / PROGAMMING-MTHRFCKR / Terminal,terminal,"January 18, 2022 4:38 AM (UTC)",,
GitHub - ibraheemdev/modern-unix: A collection of modern/faster/saner alternatives to common unix commands.,A collection of modern/faster/saner alternatives to common unix commands. - GitHub - ibraheemdev/modern-unix: A collection of modern/faster/saner alternatives to common unix commands.,https://github.com/ibraheemdev/modern-unix,BOOKMRKS-MTHRFCKR / PROGAMMING-MTHRFCKR / Terminal,terminal,"January 18, 2022 4:38 AM (UTC)",https://opengraph.githubassets.com/ff741ff145740425bf823bde3c7ced2909472b3b58a3dac6489b0cddbcd243e3/ibraheemdev/modern-unix,
thefuck,Magnificent app which corrects your previous console command. - GitHub - nvbn/thefuck: Magnificent app which corrects your previous console command.,https://github.com/nvbn/thefuck,BOOKMRKS-MTHRFCKR / PROGAMMING-MTHRFCKR / Terminal,terminal,"December 27, 2021 5:05 PM (UTC)",https://opengraph.githubassets.com/fa3226a7c044632cb67b2042ee729c122449ba4a235ac168754ea77e098921c5/nvbn/thefuck,
An A-Z Index of Windows CMD commands - SS64.com,An A-Z Index of Windows CMD commands.,https://ss64.com/nt,BOOKMRKS-MTHRFCKR / PROGAMMING-MTHRFCKR / Terminal,terminal,"December 12, 2021 2:49 PM (UTC)",,
ShellCheck – shell script analysis tool,ShellCheck finds bugs in your shell scripts,https://www.shellcheck.net,BOOKMRKS-MTHRFCKR / PROGAMMING-MTHRFCKR / Terminal,terminal,"January 18, 2022 4:38 AM (UTC)",https://www.shellcheck.net/shellcheck.png,
Home | asdf,Manage multiple runtime versions with a single CLI tool,https://asdf-vm.com,BOOKMRKS-MTHRFCKR / PROGAMMING-MTHRFCKR / Terminal,terminal,"January 18, 2022 4:38 AM (UTC)",,
Vertical,Convert your command-line programs to a shareable website in less than 5 minutes,https://vertical.carrd.co,BOOKMRKS-MTHRFCKR / PROGAMMING-MTHRFCKR / Terminal,terminal,"January 18, 2022 4:38 AM (UTC)",https://vertical.carrd.co/assets/images/card.jpg?v=79f9494e,
0nn0/terminal-mac-cheatsheet: List of my most used commands and shortcuts in the terminal for Mac,List of my most used commands and shortcuts in the terminal for Mac - 0nn0/terminal-mac-cheatsheet: List of my most used commands and shortcuts in the terminal for Mac,https://github.com/0nn0/terminal-mac-cheatsheet#shortcuts,BOOKMRKS-MTHRFCKR / PROGAMMING-MTHRFCKR / Terminal,terminal,"December 22, 2021 4:36 PM (UTC)",https://opengraph.githubassets.com/b1297e102f0b77e05c520c4969eea71067416c8acc70190017fddfb99737b7e2/0nn0/terminal-mac-cheatsheet,
macOS Terminal commands every Mac user should know,"These are the basic macOS Terminal commands to know for updating a Mac, forcing an unresponsive Mac to shut down, finding the differences between files easily and much more.",https://www.techrepublic.com/article/macos-terminal-commands-every-mac-user-should-know,BOOKMRKS-MTHRFCKR / PROGAMMING-MTHRFCKR / Terminal,terminal,"December 22, 2021 4:13 PM (UTC)",https://d1rytvr7gmk1sx.cloudfront.net/wp-content/uploads/2021/05/macosterminal-hero.jpg?x85972,
All commands,"A repository for the most elegant and useful UNIX commands.  Great commands can be shared, discussed and voted on to provide a comprehensive resource for working from the command-line",https://www.commandlinefu.com/commands/browse,BOOKMRKS-MTHRFCKR / PROGAMMING-MTHRFCKR / Terminal,terminal,"December 20, 2021 5:51 PM (UTC)",,
The Linux LS Command – How to List Files in a Directory + Option Flags,"Since the creation of Unix in the 1970s, a lot of operating systems have used it as their foundation. Many of these operating systems failed, while others succeeded.  Linux is one of the most popular Unix based operating systems. It's open source, and is used all over the world across",https://www.freecodecamp.org/news/the-linux-ls-command-how-to-list-files-in-a-directory-with-options,BOOKMRKS-MTHRFCKR / PROGAMMING-MTHRFCKR / Terminal,terminal,"January 18, 2022 9:51 PM (UTC)",https://www.freecodecamp.org/news/content/images/2020/09/article-banner-7.png,
Is there a way to represent a directory tree in a Github README.md?,"In my Githubs repos documentation I want to represent a directory tree structure like this:
Is there a way to do that with Github flavoured markdown, besides just creating it with ascii art?

So",https://stackoverflow.com/questions/23989232/is-there-a-way-to-represent-a-directory-tree-in-a-github-readme-md/35889620,BOOKMRKS-MTHRFCKR / PROGAMMING-MTHRFCKR / Terminal,terminal,"January 23, 2022 10:09 PM (UTC)",https://cdn.sstatic.net/Sites/stackoverflow/Img/apple-touch-icon.png?v=c78bd457575a,
A-Shell: Terminal for iOS | Hacker News,,https://news.ycombinator.com/item?id=22989950,BOOKMRKS-MTHRFCKR / PROGAMMING-MTHRFCKR / Terminal,terminal,"February 26, 2022 8:04 PM (UTC)",,
Charm – Tools to make the command line glamorous | Hacker News,,https://news.ycombinator.com/item?id=30048332,BOOKMRKS-MTHRFCKR / PROGAMMING-MTHRFCKR / Terminal,terminal,"February 26, 2022 8:06 PM (UTC)",,
A good terminal experience with iTerm2 and ZSH on macOS | by Julien Ponge | Medium,"I spend a fair amount of time in terminal emulators, and here is how I get a good experience on macOS. I use iTerm2, Zsh, and a few cool…",https://jponge.medium.com/a-good-terminal-experience-with-iterm2-and-zsh-on-macos-439c106aa22d,BOOKMRKS-MTHRFCKR / PROGAMMING-MTHRFCKR / Terminal,terminal,"February 24, 2022 1:17 PM (UTC)",https://miro.medium.com/max/1162/0*lYrh0Fxr05KLBtM8.png,
"Cool, but obscure unix tools :: Software architect Kristof Kovacs",,https://kkovacs.eu/cool-but-obscure-unix-tools,BOOKMRKS-MTHRFCKR / PROGAMMING-MTHRFCKR / Terminal,terminal,"March 12, 2022 10:02 PM (UTC)",,
cmd.to,Command to everything.,https://cmd.to/fm,BOOKMRKS-MTHRFCKR / PROGAMMING-MTHRFCKR / Terminal,terminal,"March 11, 2022 2:35 PM (UTC)",https://cmd.to/img/logo.png,
3v4l.org - online PHP shell with 250+ PHP versions,Visit 3v4l.org: an online shell that allows you to run your code on my server,https://3v4l.org,BOOKMRKS-MTHRFCKR / PROGAMMING-MTHRFCKR / Terminal,terminal,"March 11, 2022 1:17 PM (UTC)",,
"Warp—The blazingly fast, Rust-based terminal","Warp is a blazingly fast, Rust-based terminal built to make you and your team more productive at coding and DevOps.",https://www.warp.dev,BOOKMRKS-MTHRFCKR / PROGAMMING-MTHRFCKR / Terminal,terminal,"March 15, 2022 6:26 PM (UTC)",https://storage.googleapis.com/website-image-preview/www_warp_dev.png,
Shell Scripting Tutorial,"This tutorial is written to help people understand some of the basics of shell script programming (aka shell scripting), and hopefully to introduce some of the possibilities of simple but powerful programming available under the Bourne shell. As such, it has been written as a basis for one-on-one or group tutorials and exercises, and as a reference for subsequent use.",https://www.shellscript.sh,BOOKMRKS-MTHRFCKR / PROGAMMING-MTHRFCKR / Terminal,terminal,"March 16, 2022 5:31 PM (UTC)",https://www.shellscript.sh/img/wordcloud.png,
Amp - A complete text editor for your terminal,,https://amp.rs,BOOKMRKS-MTHRFCKR / PROGAMMING-MTHRFCKR / Terminal,terminal,"March 15, 2022 6:29 PM (UTC)",,
C++ Shell,C++ Shell,http://cpp.sh,BOOKMRKS-MTHRFCKR / PROGAMMING-MTHRFCKR / Terminal,terminal,"March 17, 2022 11:03 AM (UTC)",,
Nushell,A new type of shell.,https://www.nushell.sh,BOOKMRKS-MTHRFCKR / PROGAMMING-MTHRFCKR / Terminal,terminal,"March 17, 2022 10:48 PM (UTC)",,
MenuetOS,Linux UNIX,http://menuetos.net,BOOKMRKS-MTHRFCKR / PROGAMMING-MTHRFCKR / Terminal,terminal,"March 17, 2022 10:50 PM (UTC)",,
Micro - Home,a modern and intuitive terminal-based text editor,https://micro-editor.github.io,BOOKMRKS-MTHRFCKR / PROGAMMING-MTHRFCKR / Terminal,terminal,"March 17, 2022 10:53 PM (UTC)",,
kitty,"The fast, feature-rich, GPU based terminal emulator Fast Offloads rendering to the GPU for lower system load, Uses threaded rendering for absolutely minimal latency, Performance tradeoffs can be tu...",https://sw.kovidgoyal.net/kitty,BOOKMRKS-MTHRFCKR / PROGAMMING-MTHRFCKR / Terminal,terminal,"March 18, 2022 12:02 AM (UTC)",,
Scoop,"Scoop, a command-line installer for Windows",https://scoop.sh,BOOKMRKS-MTHRFCKR / PROGAMMING-MTHRFCKR / Terminal,terminal,"March 18, 2022 12:05 AM (UTC)",,
GoAccess - Visual Web Log Analyzer,GoAccess is an open source real-time web log analyzer and interactive viewer that runs in a terminal in *nix systems or through your browser.,https://goaccess.io,BOOKMRKS-MTHRFCKR / PROGAMMING-MTHRFCKR / Terminal,terminal,"March 18, 2022 12:39 AM (UTC)",https://goaccess.io/images/goaccess-real-time-html-big.png?20221101173113,
htop - an interactive process viewer,,https://htop.dev,BOOKMRKS-MTHRFCKR / PROGAMMING-MTHRFCKR / Terminal,terminal,"March 24, 2022 11:57 AM (UTC)",,
ZimTools,ZimTools Command Line Options Configurator. Make using the command line interface easier with this productive web tool.,https://zimtools.xyz,BOOKMRKS-MTHRFCKR / PROGAMMING-MTHRFCKR / Terminal,terminal,"March 12, 2022 11:33 PM (UTC)",https://zimtools.xyz/configs.jpg,
6 Command Line Tools for Productive Programmers,"Lately, I’ve been doing a lot more things at the command line. I’m not a hard-core terminal guy – I use VSCode more than Vim – but I’m always surpr...",https://earthly.dev/blog/command-line-tools,BOOKMRKS-MTHRFCKR / PROGAMMING-MTHRFCKR / Terminal,terminal,"July 7, 2022 4:20 PM (UTC)",https://earthly.dev/blog/generated/assets/images/command-line-tools/header-800-a028dbebd.jpg,
Earthly - Better Builds,Build automation for the container era,https://earthly.dev,BOOKMRKS-MTHRFCKR / PROGAMMING-MTHRFCKR / Terminal,terminal,"July 7, 2022 4:21 PM (UTC)",https://earthly.dev/assets/img/twitter-card-large.png,
@olaolum/scaffy - npm,"This is a simple CLI tool that allows you to bootstrap your projects with your own custom configuration. Sure we have CRA, and whatever the Vue equivalent of that is, but sometimes we have configuration files we would like to reuse. For instance, eslint, . Latest version: 1.1.2, last published: 23 days ago. Start using @olaolum/scaffy in your project by running `npm i @olaolum/scaffy`. There are no other projects in the npm registry using @olaolum/scaffy.",https://www.npmjs.com/package/@olaolum/scaffy?ref=producthunt,BOOKMRKS-MTHRFCKR / PROGAMMING-MTHRFCKR / Terminal,terminal,"August 5, 2022 8:11 PM (UTC)",https://static.npmjs.com/338e4905a2684ca96e08c7780fc68412.png,
fish shell,A smart and user-friendly command line shell,https://fishshell.com/?ref=producthunt,BOOKMRKS-MTHRFCKR / PROGAMMING-MTHRFCKR / Terminal,terminal,"August 5, 2022 8:14 PM (UTC)",,
Snipline | One shell command organizer to rule them all,Snipline is a developer tool for organizing your shell commands. Quickly copy your snippets and use them in your favourite terminal.,https://snipline.io/?ref=producthunt,BOOKMRKS-MTHRFCKR / PROGAMMING-MTHRFCKR / Terminal,terminal,"August 5, 2022 8:17 PM (UTC)",,
Tunshell - Remote shell into ephemeral environments,Tunshell is a simple and secure method to remote shell into ephemeral environments such as deployment pipelines or serverless functions.,https://tunshell.com/?ref=producthunt,BOOKMRKS-MTHRFCKR / PROGAMMING-MTHRFCKR / Terminal,terminal,"August 5, 2022 8:18 PM (UTC)",,
Uptime monitoring in your terminal — Binocs,,https://binocs.sh,BOOKMRKS-MTHRFCKR / PROGAMMING-MTHRFCKR / Terminal,terminal,"September 24, 2022 6:38 PM (UTC)",,
Textualize,The terminal can be more powerful and beautiful than you ever thought,https://www.textualize.io,BOOKMRKS-MTHRFCKR / PROGAMMING-MTHRFCKR / Terminal,"dev, terminal","October 27, 2022 9:41 AM (UTC)",https://www.textualize.io/img/social-share-view.png,
localhost.run | localhost.run,Connect web applications running on your computer to the internet instantly,http://localhost.run,BOOKMRKS-MTHRFCKR / PROGAMMING-MTHRFCKR / Terminal,"dev, terminal","October 28, 2022 1:52 AM (UTC)",,
Convert curl commands to code,Utility for converting cURL commands to code,https://curlconverter.com/,BOOKMRKS-MTHRFCKR / PROGAMMING-MTHRFCKR / Terminal / CLI,"CLI, curl","December 5, 2022 12:59 PM (UTC)",https://curlconverter.com/images/chrome.webp,
Fig,"Beautiful, community-driven documentation for 400+ CLI tools",https://fig.io/manual,BOOKMRKS-MTHRFCKR / PROGAMMING-MTHRFCKR / Terminal / CLI,CLI,"July 17, 2022 12:34 AM (UTC)",https://fig.io/images/screenshots/manual.png,
Commands.dev - Find commands at the speed of thought,"Commands.dev is a searchable, templated catalog of popular terminal commands curated from across the internet.",https://www.commands.dev,BOOKMRKS-MTHRFCKR / PROGAMMING-MTHRFCKR / Terminal / CLI,CLI,"July 16, 2022 8:01 PM (UTC)",https://www.commands.dev/commands-preview.png,
Coldbrew,A visual interface to quickly install your favorite macOS apps from Homebrew Cask,https://coldbrew.doom.sh/?ref=producthunt,BOOKMRKS-MTHRFCKR / PROGAMMING-MTHRFCKR / Terminal / CLI,CLI,"July 17, 2022 12:52 AM (UTC)",,
awk - remove duplicate lines across multiple txt files - Unix & Linux Stack Exchange,"I have 12 text files all in one folder, each with about 5 million lines, each file has no duplicate line on its own but there are duplicated across multiple files, I want to remove the duplicate li...",https://unix.stackexchange.com/questions/686377/remove-duplicate-lines-across-multiple-txt-files,BOOKMRKS-MTHRFCKR / PROGAMMING-MTHRFCKR / Terminal / CLI,CLI,"May 22, 2022 10:28 PM (UTC)",https://cdn.sstatic.net/Sites/unix/Img/apple-touch-icon.png?v=5cf7fe716a89,
🌈 Awesome CLI Workshoppers | LandOf.Dev,Awesome CLI Workshoppers: A list of CLI workshopper/adventure tutorials for various things. Inspired by awesome.,https://landof.dev/awesome/cli-workshoppers,BOOKMRKS-MTHRFCKR / PROGAMMING-MTHRFCKR / Terminal / CLI,CLI,"July 6, 2022 8:11 PM (UTC)",https://landof.dev/static/apple-touch-icon.4dc010d5ffb0.png,
shell.how - How this shell command works?,Explain shell commands using next-generation autocomplete from Fig.io,https://www.shell.how,BOOKMRKS-MTHRFCKR / PROGAMMING-MTHRFCKR / Terminal / CLI,CLI,"August 13, 2022 2:01 AM (UTC)",https://www.shell.how/og.jpg,
Automated dependency updates with pull requests - Deps,"Deps is a command line tool that can run locally and in CI, making dependency management easier.",https://www.dependencies.io,BOOKMRKS-MTHRFCKR / PROGAMMING-MTHRFCKR / Terminal / CLI,CLI,"August 5, 2022 8:24 PM (UTC)",https://www.dependencies.io/assets/img/open-graph.png,
Freshenv - Isolated Productive Developer Environments,"a command line application to build and develop your projects in completely isolated environments.Save, switch and restart your environments.",https://freshenv.io,BOOKMRKS-MTHRFCKR / PROGAMMING-MTHRFCKR / Terminal / CLI,CLI,"August 6, 2022 3:45 AM (UTC)",,
Homebrew Formulae,Homebrew’s package index,https://formulae.brew.sh,BOOKMRKS-MTHRFCKR / PROGAMMING-MTHRFCKR / Terminal / CLI,CLI,"August 12, 2022 4:29 AM (UTC)",https://brew.sh/assets/img/homebrew-256x256.png,